iso,country,debt_pct_gdp,gdp_usd_bn,debt_usd_bn,region
ABW,Aruba,60.3,4.671,2.816613,Latin America & Caribbean 
AGO,Angola,51.6,152.354,78.614664,Sub-Saharan Africa 
ALB,Albania,51.5,33.333,17.166495,Europe & Central Asia
ARE,United Arab Emirates,31.4,621.546,195.16544399999998,"Middle East, North Africa, Afghanistan & Pakistan"
ARG,Argentina,70.4,688.378,484.61811200000005,Latin America & Caribbean 
ARM,Armenia,50.6,31.873,16.127738,Europe & Central Asia
ATG,Antigua and Barbuda,66.5,2.385,1.586025,Latin America & Caribbean 
AUS,Australia,50.6,2123.963,1074.7252780000001,East Asia & Pacific
AUT,Austria,82.1,623.719,512.073299,Europe & Central Asia
AZE,Azerbaijan,20.0,78.372,15.6744,Europe & Central Asia
BDI,Burundi,37.0,8.137,3.0106900000000003,Sub-Saharan Africa 
BEL,Belgium,109.2,776.73,848.18916,Europe & Central Asia
BEN,Benin,57.2,27.786,15.893592000000002,Sub-Saharan Africa 
BFA,Burkina Faso,48.8,32.513,15.866344,Sub-Saharan Africa 
BGD,Bangladesh,41.8,510.705,213.47468999999998,South Asia
BGR,Bulgaria,28.2,148.121,41.770122,Europe & Central Asia
BHR,Bahrain,152.4,48.849,74.445876,"Middle East, North Africa, Afghanistan & Pakistan"
BHS,"Bahamas, The",71.9,17.042,12.253198000000003,Latin America & Caribbean 
BIH,Bosnia and Herzegovina,30.8,36.771,11.325468,Europe & Central Asia
BLR,Belarus,33.1,102.042,33.775902,Europe & Central Asia
BLZ,Belize,63.2,3.45,2.1804,Latin America & Caribbean 
BOL,Bolivia,102.7,80.743,82.923061,Latin America & Caribbean 
BRA,Brazil,96.5,2635.912,2543.6550799999995,Latin America & Caribbean 
BRB,Barbados,89.5,8.483,7.592285,Latin America & Caribbean 
BRN,Brunei Darussalam,1.5,16.863,0.252945,East Asia & Pacific
BTN,Bhutan,120.3,3.856,4.638768,South Asia
BWA,Botswana,47.0,21.937,10.31039,Sub-Saharan Africa 
CAF,Central African Republic,64.0,3.492,2.23488,Sub-Saharan Africa 
CAN,Canada,110.7,2507.34,2775.62538,North America
CHE,Switzerland,38.5,1146.911,441.56073499999997,Europe & Central Asia
CHL,Chile,42.5,407.85,173.33625,Latin America & Caribbean 
CHN,"China, People's Republic of",106.9,20851.593,22290.352917000004,East Asia & Pacific
CIV,Côte d'Ivoire,55.1,112.115,61.775365,Sub-Saharan Africa 
CMR,Cameroon,39.3,65.135,25.598055,Sub-Saharan Africa 
COD,"Congo, Dem. Rep. of the",24.6,123.406,30.357876,Sub-Saharan Africa 
COG,"Congo, Republic of ",91.3,17.028,15.546563999999998,Sub-Saharan Africa 
COL,Colombia,60.9,539.53,328.57377,Latin America & Caribbean 
COM,Comoros,32.4,1.814,0.587736,Sub-Saharan Africa 
CPV,Cabo Verde,95.9,3.448,3.306632,Sub-Saharan Africa 
CRI,Costa Rica,61.1,109.931,67.167841,Latin America & Caribbean 
CYP,Cyprus,50.9,45.171,22.992039,Europe & Central Asia
CZE,Czech Republic,46.4,432.597,200.72500799999997,Europe & Central Asia
DEU,Germany,64.6,5452.858,3522.5462679999996,Europe & Central Asia
DJI,Djibouti,29.6,4.725,1.3985999999999998,"Middle East, North Africa, Afghanistan & Pakistan"
DMA,Dominica,98.3,0.791,0.777553,Latin America & Caribbean 
DNK,Denmark,27.4,503.772,138.033528,Europe & Central Asia
DOM,Dominican Republic,58.3,136.148,79.374284,Latin America & Caribbean 
DZA,Algeria,59.2,317.173,187.76641600000002,"Middle East, North Africa, Afghanistan & Pakistan"
EGY,Egypt,87.0,429.645,373.79114999999996,"Middle East, North Africa, Afghanistan & Pakistan"
ESP,Spain,98.2,2091.222,2053.5800040000004,Europe & Central Asia
EST,Estonia,27.8,51.634,14.354252,Europe & Central Asia
ETH,Ethiopia,40.4,121.527,49.096908000000006,Sub-Saharan Africa 
FIN,Finland,93.1,337.669,314.36983899999996,Europe & Central Asia
FJI,Fiji,82.5,6.352,5.240400000000001,East Asia & Pacific
FRA,France,118.4,3596.094,4257.775296,Europe & Central Asia
FSM,"Micronesia, Fed. States of",7.5,0.521,0.039075,East Asia & Pacific
GAB,Gabon,86.1,23.363,20.115543,Sub-Saharan Africa 
GBR,United Kingdom,103.6,4264.794,4418.3265839999995,Europe & Central Asia
GEO,Georgia,35.1,42.716,14.993316000000002,Europe & Central Asia
GHA,Ghana,53.0,118.293,62.69529000000001,Sub-Saharan Africa 
GIN,Guinea,44.7,29.93,13.378710000000002,Sub-Saharan Africa 
GMB,"Gambia, The",68.3,2.792,1.9069359999999997,Sub-Saharan Africa 
GNB,Guinea-Bissau,73.6,2.985,2.19696,Sub-Saharan Africa 
GNQ,Equatorial Guinea,39.1,13.722,5.365302000000001,Sub-Saharan Africa 
GRC,Greece,136.9,307.554,421.041426,Europe & Central Asia
GRD,Grenada,69.0,1.483,1.0232700000000001,Latin America & Caribbean 
GTM,Guatemala,27.6,128.886,35.572536,Latin America & Caribbean 
GUY,Guyana,29.2,33.961,9.916611999999999,Latin America & Caribbean 
HKG,Hong Kong SAR,14.1,450.138,63.469457999999996,East Asia & Pacific
HND,Honduras,43.8,41.505,18.179190000000002,Latin America & Caribbean 
HRV,Croatia,56.5,116.574,65.86430999999999,Europe & Central Asia
HTI,Haiti,10.7,39.18,4.192259999999999,Latin America & Caribbean 
HUN,Hungary,77.9,271.122,211.20403800000003,Europe & Central Asia
IDN,Indonesia,41.5,1539.872,639.04688,East Asia & Pacific
IND,India,83.4,4153.191,3463.7612940000004,South Asia
IRL,Ireland,31.6,779.381,246.28439600000002,Europe & Central Asia
IRN,Iran,37.3,300.293,112.009289,"Middle East, North Africa, Afghanistan & Pakistan"
IRQ,Iraq,61.7,264.784,163.371728,"Middle East, North Africa, Afghanistan & Pakistan"
ISL,Iceland,53.6,43.8,23.476799999999997,Europe & Central Asia
ISR,Israel,69.8,719.848,502.45390399999997,"Middle East, North Africa, Afghanistan & Pakistan"
ITA,Italy,138.4,2738.164,3789.618976,Europe & Central Asia
JAM,Jamaica,65.8,23.028,15.152423999999998,Latin America & Caribbean 
JOR,Jordan,81.8,64.909,53.095562,"Middle East, North Africa, Afghanistan & Pakistan"
JPN,Japan,204.4,4379.253,8951.193132,East Asia & Pacific
KAZ,Kazakhstan,24.9,360.456,89.753544,Europe & Central Asia
KEN,Kenya,71.6,147.265,105.44174,Sub-Saharan Africa 
KGZ,Kyrgyz Republic,37.4,23.606,8.828644,Europe & Central Asia
KHM,Cambodia,27.1,52.379,14.194709,East Asia & Pacific
KIR,Kiribati,7.7,0.401,0.030877,East Asia & Pacific
KNA,Saint Kitts and Nevis,64.0,1.143,0.7315200000000001,Latin America & Caribbean 
KOR,"Korea, Republic of",54.4,1931.008,1050.468352,East Asia & Pacific
KWT,Kuwait,22.3,172.92,38.56116,"Middle East, North Africa, Afghanistan & Pakistan"
LAO,Lao P.D.R.,74.6,18.959,14.143413999999998,East Asia & Pacific
LBR,Liberia,53.8,5.642,3.035396,Sub-Saharan Africa 
LCA,Saint Lucia,77.5,2.765,2.142875,Latin America & Caribbean 
LIE,Liechtenstein,0.5,9.442,0.04721,Europe & Central Asia
LSO,Lesotho,49.0,2.972,1.4562799999999998,Sub-Saharan Africa 
LTU,Lithuania,45.1,105.907,47.764057,Europe & Central Asia
LUX,Luxembourg,28.0,110.417,30.91676,Europe & Central Asia
LVA,Latvia,47.4,53.686,25.447163999999997,Europe & Central Asia
MAC,Macao SAR,0.0,54.228,0.0,East Asia & Pacific
MAR,Morocco,65.8,194.333,127.87111399999999,"Middle East, North Africa, Afghanistan & Pakistan"
MDA,Moldova,39.3,21.889,8.602376999999999,Europe & Central Asia
MDG,Madagascar,49.3,21.185,10.444205,Sub-Saharan Africa 
MDV,Maldives,129.4,8.13,10.520220000000002,South Asia
MEX,Mexico,62.7,2120.855,1329.776085,Latin America & Caribbean 
MHL,Marshall Islands,16.7,0.342,0.057114000000000005,East Asia & Pacific
MKD,North Macedonia ,53.1,21.605,11.472255,Europe & Central Asia
MLI,Mali,40.8,33.847,13.809576,Sub-Saharan Africa 
MLT,Malta,47.3,30.712,14.526776,"Middle East, North Africa, Afghanistan & Pakistan"
MMR,Myanmar,51.9,83.832,43.508808,East Asia & Pacific
MNE,Montenegro,62.4,10.227,6.381648,Europe & Central Asia
MNG,Mongolia,43.7,28.45,12.43265,East Asia & Pacific
MOZ,Mozambique,106.1,23.275,24.694774999999996,Sub-Saharan Africa 
MRT,Mauritania,37.1,14.352,5.324592,Sub-Saharan Africa 
MUS,Mauritius,86.5,17.119,14.807935,Sub-Saharan Africa 
MWI,Malawi,74.5,18.152,13.523240000000001,Sub-Saharan Africa 
MYS,Malaysia,69.5,516.428,358.91746,East Asia & Pacific
NAM,Namibia,70.5,17.314,12.20637,Sub-Saharan Africa 
NER,Niger,45.5,24.813,11.289914999999999,Sub-Saharan Africa 
NGA,Nigeria,32.3,377.365,121.88889499999999,Sub-Saharan Africa 
NIC,Nicaragua,33.2,24.227,8.043364,Latin America & Caribbean 
NLD,Netherlands,44.1,1449.704,639.319464,Europe & Central Asia
NOR,Norway,42.9,599.406,257.145174,Europe & Central Asia
NPL,Nepal,49.6,45.844,22.738624,South Asia
NRU,Nauru,12.7,0.196,0.024891999999999997,East Asia & Pacific
NZL,New Zealand,56.7,278.636,157.98661200000004,East Asia & Pacific
OMN,Oman,32.7,117.176,38.31655200000001,"Middle East, North Africa, Afghanistan & Pakistan"
PAN,Panama,57.7,95.024,54.82884800000001,Latin America & Caribbean 
PER,Peru,30.0,380.9,114.27,Latin America & Caribbean 
PHL,Philippines,60.2,512.222,308.357644,East Asia & Pacific
PLW,Palau,56.7,0.377,0.213759,East Asia & Pacific
PNG,Papua New Guinea,49.2,34.403,16.926276,East Asia & Pacific
POL,Poland,65.7,1134.248,745.2009360000001,Europe & Central Asia
PRI,Puerto Rico,18.8,129.012,24.254256,Latin America & Caribbean 
PRT,Portugal,85.6,380.637,325.825272,Europe & Central Asia
PRY,Paraguay,37.8,60.542,22.884876,Latin America & Caribbean 
QAT,Qatar,43.3,217.416,94.141128,"Middle East, North Africa, Afghanistan & Pakistan"
ROU,Romania,61.9,480.834,297.63624599999997,Europe & Central Asia
RUS,Russian Federation,19.1,2656.452,507.3823320000001,Europe & Central Asia
RWA,Rwanda,66.8,17.336,11.580447999999999,Sub-Saharan Africa 
SAU,Saudi Arabia,32.1,1388.676,445.76499600000005,"Middle East, North Africa, Afghanistan & Pakistan"
SDN,Sudan,169.1,44.688,75.567408,Sub-Saharan Africa 
SEN,Senegal,132.3,40.469,53.540487000000006,Sub-Saharan Africa 
SGP,Singapore,171.9,659.572,1133.804268,East Asia & Pacific
SLB,Solomon Islands,29.9,1.836,0.548964,East Asia & Pacific
SLE,Sierra Leone,44.3,8.27,3.6636099999999994,Sub-Saharan Africa 
SLV,El Salvador,84.5,39.838,33.66311,Latin America & Caribbean 
SMR,San Marino,77.3,2.417,1.8683409999999998,Europe & Central Asia
SRB,Serbia,42.6,112.025,47.72265,Europe & Central Asia
STP,São Tomé and Príncipe,50.4,1.161,0.585144,Sub-Saharan Africa 
SUR,Suriname,87.1,5.908,5.145868,Latin America & Caribbean 
SVK,Slovak Republic,63.0,168.897,106.40510999999998,Europe & Central Asia
SVN,Slovenia,65.2,86.732,56.549264,Europe & Central Asia
SWE,Sweden,36.7,760.481,279.09652700000004,Europe & Central Asia
SWZ,Eswatini,50.0,5.792,2.8959999999999995,Sub-Saharan Africa 
SYC,Seychelles,55.0,2.251,1.2380499999999999,Sub-Saharan Africa 
TCD,Chad,29.9,25.628,7.662772,Sub-Saharan Africa 
TGO,Togo,64.7,13.437,8.693739,Sub-Saharan Africa 
THA,Thailand,66.8,579.996,387.437328,East Asia & Pacific
TJK,Tajikistan,21.9,20.418,4.4715419999999995,Europe & Central Asia
TKM,Turkmenistan,3.7,83.065,3.073405,Europe & Central Asia
TLS,Timor-Leste,14.9,2.17,0.32333,East Asia & Pacific
TON,Tonga,34.4,0.716,0.24630399999999997,East Asia & Pacific
TTO,Trinidad and Tobago,84.1,26.836,22.569075999999995,Latin America & Caribbean 
TUN,Tunisia,84.9,60.745,51.572505,"Middle East, North Africa, Afghanistan & Pakistan"
TUR,"Türkiye, Republic of",25.5,1640.223,418.25686499999995,Europe & Central Asia
TUV,Tuvalu,3.2,0.065,0.0020800000000000003,East Asia & Pacific
TWN,Taiwan Province of China,27.6,976.719,269.574444,
TZA,Tanzania,48.7,94.889,46.210943,Sub-Saharan Africa 
UGA,Uganda,55.0,73.37,40.353500000000004,Sub-Saharan Africa 
UKR,Ukraine,122.6,225.337,276.26316199999997,Europe & Central Asia
URY,Uruguay,66.8,96.092,64.189456,Latin America & Caribbean 
USA,United States,125.8,32383.92,40738.971359999996,North America
UZB,Uzbekistan,27.5,181.502,49.913050000000005,Europe & Central Asia
VCT,Saint Vincent and the Grenadines,120.1,1.236,1.484436,Latin America & Caribbean 
VNM,Vietnam,29.8,527.266,157.125268,East Asia & Pacific
VUT,Vanuatu,43.2,1.396,0.603072,East Asia & Pacific
WSM,Samoa,17.1,1.376,0.23529599999999998,East Asia & Pacific
ZAF,South Africa,78.9,479.964,378.691596,Sub-Saharan Africa 
ZWE,Zimbabwe,42.3,56.713,23.989599,Sub-Saharan Africa 
SSD,"South Sudan, Republic of",57.3,6.069,3.477537,Sub-Saharan Africa 
AND,Andorra,28.0,4.879,1.36612,Europe & Central Asia
UVK,Kosovo,18.7,14.053,2.627911,
